{
  "peak_mem": 42609281487,
  "times": {
    "start": 0.7369865909995497,
    "dask": 16.022214980999706,
    "query": 0.5937638580007842,
    "to_anndata": 32.10698978500022,
    "normalize": 1.4303857190006966,
    "log1p": 0.0025201580001521506,
    "hvg": 360.0861837270004
  },
  "total_time": 410.9790448190015,
  "obs_per_s": 24000.189606611202,
  "hvg_obs_per_s": 27392.261757752076
}