{
  "times": {
    "start": 1.0330000804970041e-05,
    "dask": 3.5536299320010585,
    "open": 0.0004910290008410811,
    "anndata": 8.384662212996773,
    "X": 0.005662346000463003,
    "normalize": 0.018024288001470268,
    "log1p": 0.0020299770003475714,
    "hvg": 61.51408308300233,
    "pca": 129.21575221699823
  },
  "total_time": 202.69434541500232,
  "tissue": null,
  "cmd": "PCA",
  "n_obs": 3677225,
  "obs_per_s": 18141.724637020052,
  "no_dask_mem_mgmt": true,
  "dask_chunk_size": 100000,
  "n_dask_workers": 8,
  "n_dask_threads_per_worker": 8,
  "tdb_concurrency": 64,
  "pca_obs_per_s": 28458.02417204258
}
