{
  "peak_mem": 41129078785,
  "times": {
    "start": 0.7428122339997572,
    "dask": 3.617140151000058,
    "query": 0.2715769619999264,
    "to_anndata": 22.105749896999896,
    "normalize": 0.21950678100029108,
    "log1p": 0.0031169710000540363,
    "hvg": 24.98659971999996
  },
  "total_time": 51.94650271599994,
  "obs_per_s": 30030.395087974142,
  "hvg_obs_per_s": 62432.424478763875
}