{
  "peak_mem": 41239061137,
  "times": {
    "start": 0.6990102119998483,
    "dask": 3.5230646850000085,
    "query": 0.268182164999871,
    "to_anndata": 21.473437691000072,
    "normalize": 0.2432133470001645,
    "log1p": 0.0036696429997391533,
    "hvg": 30.957305719000033
  },
  "total_time": 57.167883461999736,
  "obs_per_s": 27287.594109320766,
  "hvg_obs_per_s": 50391.14237394912
}