{
  "peak_mem": 41246113998,
  "times": {
    "start": 0.7514849750000394,
    "dask": 3.598085390000051,
    "query": 0.2807784829999491,
    "to_anndata": 21.410728414999994,
    "normalize": 0.23428141499994126,
    "log1p": 0.006196730999818101,
    "hvg": 35.73744155900022
  },
  "total_time": 62.01899696800001,
  "obs_per_s": 25153.16397014452,
  "hvg_obs_per_s": 43650.97029748432
}